{"weights": [[[1.9734001159667969]]], "biases": [[0.14114035665988922]]}